"Rank","Player","Team","Bye","POS","ESPN","Sleeper","NFL","RTSports","FFC","Fantrax","AVG"
"1","Ja'Marr Chase","CIN","10","WR1","1","1","1","1","","1","1.0"
"2","Bijan Robinson","ATL","5","RB1","2","3","4","2","","2","2.5"
"3","Saquon Barkley","PHI","9","RB2","3","2","2","4","","5","3.2"
"4","Justin Jefferson","MIN","6","WR2","4","4","5","6","","3","4.5"
"5","Jahmyr Gibbs","DET","8","RB3","5","5","6","3","","4","4.5"
"6","CeeDee Lamb","DAL","10","WR3","6","6","3","5","","6","5.3"
"7","Puka Nacua","LAR","8","WR4","8","7","7","10","","7","8.7"
"8","Christian McCaffrey","SF","14","RB4","7","13","11","7","","8","9.2"
"9","Malik Nabers","NYG","14","WR5","10","10","10","9","","9","9.7"
"10","Amon-Ra St. Brown","DET","8","WR6","9","8","8","11","","11","9.8"
"11","Ashton Jeanty","LV","8","RB5","11","11","12","8","","10","10.5"
"12","Derrick Henry","BAL","7","RB6","13","9","9","13","","13","10.7"
"13","De'Von Achane","MIA","12","RB7","12","15","13","12","","15","12.5"
"14","Nico Collins","HOU","6","WR7","14","12","16","15","","12","14.2"
"15","Brian Thomas Jr.","JAC","8","WR8","15","14","14","16","","14","15.0"
"16","Josh Jacobs","GB","5","RB8","18","19","18","14","","21","17.3"
"17","A.J. Brown","PHI","9","WR9","16","18","15","23","","18","19.0"
"18","Brock Bowers","LV","8","TE1","19","16","19","20","","17","19.3"
"19","Drake London","ATL","5","WR10","22","17","20","21","","16","19.8"
"20","Jonathan Taylor","IND","11","RB9","17","24","22","19","","19","20.2"
"21","Lamar Jackson","BAL","7","QB1","21","22","17","24","","28","21.2"
"22","Bucky Irving","TB","9","RB10","23","20","25","18","","22","21.5"
"23","Josh Allen","BUF","7","QB2","20","21","21","25","","25","21.7"
"24","Kyren Williams","LAR","8","RB11","28","28","23","22","","27","24.5"
"25","Ladd McConkey","LAC","12","WR11","31","23","24","28","","20","25.5"
"26","Chase Brown","CIN","10","RB12","30","29","34","17","","31","27.2"
"27","Trey McBride","ARI","8","TE2","24","25","26","29","","23","27.3"
"28","Tee Higgins","CIN","10","WR12","26","30","31","35","","26","29.7"
"29","Jayden Daniels","WAS","12","QB3","25","31","27","33","","34","30.3"
"30","Tyreek Hill","MIA","12","WR13","29","26","36","27","","29","30.3"
"31","James Cook","BUF","7","RB13","33","34","28","31","","35","32.0"
"32","Jaxon Smith-Njigba","SEA","8","WR14","36","27","39","34","","24","33.0"
"33","Breece Hall","NYJ","9","RB14","48","33","30","26","","33","33.2"
"34","Joe Burrow","CIN","10","QB4","32","40","35","37","","38","34.7"
"35","Jalen Hurts","PHI","9","QB5","27","36","32","44","","41","35.5"
"36","Garrett Wilson","NYJ","9","WR15","39","32","37","39","","30","37.0"
"37","Alvin Kamara","NO","11","RB15","38","41","46","32","","43","38.0"
"38","George Kittle","SF","14","TE3","35","37","38","41","","40","38.5"
"39","Davante Adams","LAR","8","WR16","34","43","42","40","","37","38.7"
"40","Mike Evans","TB","9","WR17","40","38","33","48","","36","39.0"
"41","Marvin Harrison Jr.","ARI","8","WR18","45","35","41","42","","32","39.8"
"42","Kenneth Walker III","SEA","8","RB16","37","44","40","36","","48","39.8"
"43","Omarion Hampton","LAC","12","RB17","41","42","49","30","","42","41.0"
"44","Terry McLaurin","WAS","12","WR19","42","39","29","49","","44","41.5"
"45","Chuba Hubbard","CAR","14","RB18","46","46","52","38","","49","45.7"
"46","DJ Moore","CHI","5","WR20","52","49","47","47","","39","47.7"
"47","James Conner","ARI","8","RB19","49","51","50","46","","55","48.7"
"48","DK Metcalf","PIT","5","WR21","44","47","58","52","","51","50.0"
"49","Courtland Sutton","DEN","12","WR22","59","50","53","50","","47","52.0"
"50","Sam LaPorta","DET","8","TE4","43","48","43","63","","60","52.3"
"51","Patrick Mahomes II","KC","10","QB6","47","54","45","62","","61","52.7"
"52","DeVonta Smith","PHI","9","WR23","60","52","54","54","","46","54.0"
"53","Rashee Rice","KC","10","WR24","58","45","44","61","","56","54.8"
"54","Xavier Worthy","KC","10","WR25","50","56","67","65","","45","55.5"
"55","TreVeyon Henderson","NE","14","RB20","64","66","66","43","","54","58.0"
"56","David Montgomery","DET","8","RB21","61","55","65","59","","63","59.5"
"57","Zay Flowers","BAL","7","WR26","53","53","69","70","","53","59.8"
"58","D'Andre Swift","CHI","5","RB22","56","72","61","45","","78","60.5"
"59","Jameson Williams","DET","8","WR27","67","60","55","67","","50","61.3"
"60","Tetairoa McMillan","CAR","14","WR28","73","61","74","53","","52","63.5"
"61","Travis Kelce","KC","10","TE5","55","65","57","64","","81","64.0"
"62","T.J. Hockenson","MIN","6","TE6","54","58","51","73","","73","64.3"
"63","Baker Mayfield","TB","9","QB7","51","67","59","74","","76","64.3"
"64","Travis Hunter","JAC","8","WR29","62","64","60","71","","58","64.5"
"65","Aaron Jones Sr.","MIN","6","RB23","72","69","75","56","","67","64.7"
"66","Joe Mixon","HOU","6","RB24","57","57","48","66","","108","65.3"
"67","RJ Harvey","DEN","12","RB25","79","62","72","51","","68","65.3"
"68","Calvin Ridley","TEN","10","WR30","63","74","71","60","","62","66.0"
"69","George Pickens","DAL","10","WR31","65","59","76","69","","65","66.3"
"70","Isiah Pacheco","KC","10","RB26","74","63","62","58","","77","68.2"
"71","Bo Nix","DEN","12","QB8","66","73","64","81","","79","71.7"
"72","Tony Pollard","TEN","10","RB27","81","78","82","57","","72","72.2"
"73","Kaleb Johnson","PIT","5","RB28","80","80","80","55","","75","73.5"
"74","Jaylen Waddle","MIA","12","WR32","71","68","86","78","","57","73.5"
"75","Jerry Jeudy","CLE","9","WR33","68","71","100","68","","69","75.0"
"76","Mark Andrews","BAL","7","TE7","69","76","56","91","","88","75.5"
"77","Chris Olave","NO","11","WR34","90","70","88","75","","66","80.2"
"78","Rome Odunze","CHI","5","WR35","75","79","91","85","","59","80.5"
"79","Brian Robinson Jr.","WAS","12","RB29","92","83","90","76","","84","82.5"
"80","Deebo Samuel Sr.","WAS","12","WR36","96","85","97","80","","70","85.2"
"81","Kyler Murray","ARI","8","QB9","76","95","81","98","","87","86.0"
"82","Jordan Addison","MIN","6","WR37","97","77","94","89","","64","86.2"
"83","Evan Engram","DEN","12","TE8","77","84","77","88","","94","86.2"
"84","Stefon Diggs","NE","14","WR38","86","89","96","82","","80","86.2"
"85","Cooper Kupp","SEA","8","WR39","78","86","105","83","","83","86.7"
"86","Tyrone Tracy Jr.","NYG","14","RB30","91","87","106","72","","82","87.5"
"87","Chris Godwin","TB","9","WR40","89","82","87","79","","113","87.7"
"88","Jakobi Meyers","LV","8","WR41","85","81","124","93","","74","89.2"
"89","David Njoku","CLE","9","TE9","70","91","84","110","","102","89.5"
"90","Jaylen Warren","PIT","5","RB31","99","94","108","77","","85","92.0"
"91","Cam Skattebo","NYG","14","RB32","101","99","98","97","","95","97.2"
"92","Jauan Jennings","SF","14","WR42","111","98","110","96","","71","98.0"
"93","Matthew Golden","GB","5","WR43","88","96","121","87","","93","99.0"
"94","Khalil Shakir","BUF","7","WR44","107","88","102","106","","86","99.3"
"95","Travis Etienne Jr.","JAC","8","RB33","121","92","116","84","","91","100.3"
"96","Brock Purdy","SF","14","QB10","82","108","104","122","","96","100.5"
"97","Jared Goff","DET","8","QB11","119","90","99","113","","98","101.2"
"98","Ricky Pearsall","SF","14","WR45","110","100","118","94","","92","101.5"
"99","Dak Prescott","DAL","10","QB12","103","118","119","107","","109","106.3"
"100","Javonte Williams","DAL","10","RB34","102","106","140","90","","110","106.3"
"101","Justin Fields","NYJ","9","QB13","113","144","63","118","","104","107.8"
"102","Tyler Warren","IND","11","TE10","124","93","107","108","","101","108.0"
"103","Rhamondre Stevenson","NE","14","RB35","109","119","123","104","","103","111.5"
"104","Brandon Aubrey","DAL","10","K1","95","126","70","126","","147","111.7"
"105","J.K. Dobbins","DEN","12","RB36","104","111","158","92","","106","111.8"
"106","Denver Broncos","DST","12","DST1","87","129","83","133","","130","112.0"
"107","Justin Herbert","LAC","12","QB14","94","103","125","127","","107","112.3"
"108","Tucker Kraft","GB","5","TE11","98","113","117","117","","116","113.0"
"109","Emeka Egbuka","TB","9","WR46","120","102","153","100","","90","113.2"
"110","Jayden Reed","GB","5","WR47","123","101","126","112","","105","113.3"
"111","Jordan Mason","MIN","6","RB37","140","107","148","86","","97","113.7"
"112","Quinshon Judkins","CLE","9","RB38","148","75","93","103","","157","114.0"
"113","Colston Loveland","CHI","5","TE12","117","105","113","105","","122","115.3"
"114","Josh Downs","IND","11","WR48","129","104","137","116","","89","116.8"
"115","Zach Charbonnet","SEA","8","RB39","152","110","156","95","","100","119.0"
"116","Caleb Williams","CHI","5","QB15","115","122","111","111","","131","119.0"
"117","Philadelphia Eagles","DST","9","DST2","118","127","92","145","","151","119.8"
"118","Michael Pittman Jr.","IND","11","WR49","116","117","171","115","","99","123.8"
"119","Keon Coleman","BUF","7","WR50","112","121","144","131","","117","124.2"
"120","Najee Harris","LAC","12","RB40","161","133","114","114","","126","124.5"
"121","Brandon Aiyuk","SF","14","WR51","159","112","122","132","","125","125.5"
"122","Baltimore Ravens","DST","7","DST3","105","128","120","166","","127","126.3"
"123","Dalton Kincaid","BUF","7","TE13","126","109","128","148","","123","129.8"
"124","Jonnu Smith","PIT","5","TE14","169","97","73","141","","164","130.7"
"125","Jake Bates","DET","8","K2","93","130","103","160","","137","131.3"
"126","C.J. Stroud","HOU","6","QB16","141","120","131","147","","121","131.3"
"127","Jordan Love","GB","5","QB17","128","124","135","151","","133","131.7"
"128","Cameron Dicker","LAC","12","K3","108","132","79","149","","176","132.8"
"129","Drake Maye","NE","14","QB18","134","143","145","137","","111","134.7"
"130","Dallas Goedert","PHI","9","TE15","114","125","134","165","","143","135.0"
"131","Tyjae Spears","TEN","10","RB41","142","140","178","102","","120","136.2"
"132","Pittsburgh Steelers","DST","5","DST4","83","131","129","156","","185","136.8"
"133","Rachaad White","TB","9","RB42","146","146","139","119","","140","136.8"
"134","Darnell Mooney","ATL","5","WR52","130","116","175","134","","153","137.3"
"135","Kyle Pitts Sr.","ATL","5","TE16","133","115","130","135","","150","137.5"
"136","Jake Ferguson","DAL","10","TE17","143","123","155","129","","138","138.3"
"137","Tank Bigsby","JAC","8","RB43","138","147","208","99","","124","139.7"
"138","Jaydon Blue","DAL","10","RB44","178","141","151","101","","142","140.8"
"139","Buffalo Bills","DST","7","DST5","150","152","95","146","","188","143.0"
"140","Austin Ekeler","WAS","12","RB45","125","163","167","120","","162","143.3"
"141","J.J. McCarthy","MIN","6","QB19","135","149","150","142","","128","143.5"
"142","Houston Texans","DST","6","DST6","84","155","142","157","","167","144.0"
"143","Chase McLaughlin","TB","9","K4","100","135","112","174","","174","144.0"
"144","Minnesota Vikings","DST","6","DST7","106","136","146","172","","170","144.3"
"145","Jayden Higgins","HOU","6","WR53","136","114","204","130","","118","144.7"
"146","Rashid Shaheed","NO","11","WR54","131","139","183","163","","114","148.0"
"147","Zach Ertz","WAS","12","TE18","157","151","164","167","","172","155.3"
"148","Marvin Mims Jr.","DEN","12","WR55","172","148","173","136","","115","156.2"
"149","Isaac Guerendo","SF","14","RB46","193","167","185","124","","134","156.2"
"150","Chris Boswell","PIT","5","K5","139","134","68","199","","196","158.7"
"151","Trevor Lawrence","JAC","8","QB20","173","173","177","155","","129","159.3"
"152","Keenan Allen","LAC","12","WR56","122","180","240","138","","119","160.3"
"153","Trey Benson","ARI","8","RB47","155","166","229","121","","139","160.3"
"154","Bhayshul Tuten","JAC","8","RB48","222","169","157","143","","132","161.0"
"155","Jerome Ford","CLE","9","RB49","144","183","244","109","","156","162.5"
"156","Nick Chubb","HOU","6","RB50","179","145","194","123","","191","162.7"
"157","Christian Kirk","HOU","6","WR57","245","162","170","164","","112","164.3"
"158","Marquise Brown","KC","10","WR58","171","189","115","168","","135","166.0"
"159","Tre' Harris","LAC","12","WR59","254","142","160","153","","136","166.0"
"160","Tua Tagovailoa","MIA","12","QB21","163","199","193","150","","144","166.2"
"161","Ka'imi Fairbairn","HOU","6","K6","174","160","89","170","","203","167.3"
"162","San Francisco 49ers","DST","14","DST8","180","157","78","211","","182","167.8"
"163","Luther Burden III","CHI","5","WR60","189","150","213","154","","145","168.7"
"164","Tyler Allgeier","ATL","5","RB51","164","185","174","144","","165","169.5"
"165","Ray Davis","BUF","7","RB52","204","171","216","128","","149","169.7"
"166","Hunter Henry","NE","14","TE19","158","172","172","162","","181","169.7"
"167","Detroit Lions","DST","8","DST9","127","153","147","203","","215","170.8"
"168","Jake Elliott","PHI","9","K7","137","156","132","212","","219","171.7"
"169","Rashod Bateman","BAL","7","WR61","182","165","186","192","","160","172.0"
"170","Kansas City Chiefs","DST","10","DST10","176","175","136","187","","189","173.2"
"171","Cameron Ward","TEN","10","QB22","162","161","162","222","","155","174.2"
"172","Matthew Stafford","LAR","8","QB23","165","195","163","239","","146","175.7"
"173","Adam Thielen","CAR","14","WR62","153","170","207","195","","148","176.2"
"174","Harrison Butker","KC","10","K8","147","138","143","189","","255","176.5"
"175","Braelon Allen","NYJ","9","RB53","185","186","221","125","","178","177.5"
"176","Dylan Sampson","CLE","9","RB54","160","174","258","139","","159","178.0"
"177","Bryce Young","CAR","14","QB24","186","187","184","185","","152","180.5"
"178","Xavier Legette","CAR","14","WR63","156","191","203","179","","154","181.0"
"179","Michael Penix Jr.","ATL","5","QB25","184","182","188","184","","184","183.2"
"180","Jason Sanders","MIA","12","K9","145","252","109","218","","210","183.7"
"181","Isaiah Likely","BAL","7","TE20","196","168","154","198","","201","183.8"
"182","Tyler Bass","BUF","7","K10","151","159","141","248","","226","184.3"
"183","Jaylen Wright","MIA","12","RB55","199","201","232","152","","179","189.0"
"184","Jack Bech","LV","8","WR64","205","176","227","158","","211","194.5"
"185","Wil Lutz","DEN","12","K11","207","211","133","175","","225","195.0"
"186","Green Bay Packers","DST","5","DST11","194","212","192","240","","192","195.2"
"187","Seattle Seahawks","DST","8","DST12","132","178","179","272","","220","196.0"
"188","Kyle Williams","NE","14","WR65","214","164","220","201","","169","196.2"
"189","Kareem Hunt","KC","10","RB56","216","196","199","173","","216","199.0"
"190","Wan'Dale Robinson","NYG","14","WR66","191","198","257","190","","171","199.7"
"191","Geno Smith","LV","8","QB26","223","227","201","217","","158","201.3"
"192","Jalen McMillan","TB","9","WR67","225","192","215","181","","177","202.0"
"193","Brenton Strange","JAC","8","TE21","230","184","252","176","","175","202.3"
"194","Pat Freiermuth","PIT","5","TE22","198","203","176","234","","183","202.3"
"195","Cedric Tillman","CLE","9","WR68","166","190","309","182","","163","204.0"
"196","Los Angeles Chargers","DST","12","DST13","219","251","152","241","","195","205.0"
"197","Cade Otton","TB","9","TE23","227","205","210","183","","190","206.0"
"198","Darren Waller","MIA","12","TE24","201","215","191","231","","261","208.8"
"199","Aaron Rodgers","PIT","5","QB27","197","220","195","243","","199","209.2"
"200","Evan McPherson","CIN","10","K12","187","177","187","254","","266","212.7"
"201","Younghoe Koo","ATL","5","K13","190","154","168","270","","308","214.3"
"202","Los Angeles Rams","DST","8","DST14","210","216","196","208","","234","215.0"
"203","Washington Commanders","DST","12","DST15","209","137","165","264","","310","215.3"
"204","Dallas Cowboys","DST","10","DST16","195","250","159","214","","296","215.5"
"205","Romeo Doubs","GB","5","WR69","280","221","223","193","","166","215.7"
"206","Cam Little","JAC","8","K14","154","209","166","224","","325","218.0"
"207","New England Patriots","DST","14","DST17","149","213","189","263","","314","220.0"
"208","Arizona Cardinals","DST","8","DST18","202","248","149","242","","256","220.2"
"209","Mike Gesicki","CIN","10","TE25","232","194","254","245","","186","222.3"
"210","New York Giants","DST","14","DST19","181","217","190","228","","331","222.5"
"211","Anthony Richardson Sr.","IND","11","QB28","247","226","219","216","","217","222.5"
"212","Justice Hill","BAL","7","RB57","293","228","230","169","","212","226.7"
"213","New York Jets","DST","9","DST20","177","218","211","260","","279","227.0"
"214","Rico Dowdle","CAR","14","RB58","","193","214","140","","161","181.2"
"215","Will Reichard","MIN","6","K15","215","249","197","276","","285","241.8"
"216","DeAndre Hopkins","BAL","7","WR70","213","202","182","159","","200","191.2"
"217","Tampa Bay Buccaneers","DST","9","DST21","192","179","138","275","","180","192.8"
"218","Jake Moody","SF","14","K16","218","247","200","274","","318","248.2"
"219","Quentin Johnston","LAC","12","WR71","","208","255","232","","141","200.0"
"220","Sam Darnold","SEA","8","QB29","208","224","198","204","","168","200.4"
"221","Tyler Loop","BAL","7","K17","167","158","205","249","","237","203.2"
"222","Joshua Palmer","BUF","7","WR72","","197","238","200","","173","204.2"
"223","Chig Okonkwo","TEN","10","TE26","188","223","231","188","","207","207.4"
"224","DeMario Douglas","NE","14","WR73","","200","267","180","","193","208.4"
"225","Chicago Bears","DST","5","DST22","200","","85","246","","313","213.8"
"226","Matt Gay","WAS","12","K18","170","","181","251","","311","214.6"
"227","Roschon Johnson","CHI","5","RB59","","206","289","186","","227","215.0"
"228","Elijah Arroyo","SEA","8","TE27","234","188","263","210","","202","219.4"
"229","Daniel Carlson","LV","8","K19","217","210","161","265","","249","220.4"
"230","Dalton Schultz","HOU","6","TE28","220","231","218","237","","218","224.8"
"231","Brandon McManus","GB","5","K20","206","","202","220","","327","232.2"
"232","Will Shipley","PHI","9","RB60","","229","323","215","","208","235.0"
"233","Raheem Mostert","LV","8","RB61","","259","236","255","","235","237.8"
"234","MarShawn Lloyd","GB","5","RB62","","246","294","221","","230","241.2"
"235","Jacory Croskey-Merritt","WAS","12","RB63","","219","350","177","","276","246.8"
"236","Isaac TeSlaa","DET","8","WR74","237","254","241","258","","302","258.4"
"237","Ja'Tavion Sanders","CAR","14","TE29","266","242","274","267","","243","258.4"
"238","Trevor Etienne","CAR","14","RB64","","302","264","244","","277","262.8"
"239","Kendre Miller","NO","11","RB65","","266","357","261","","258","263.4"
"240","Zack Moss","","","RB66","364","312","209","209","","275","273.8"
"241","Blake Corum","LAR","8","RB67","","207","242","223","","198","217.5"
"242","Shedeur Sanders","CLE","9","QB30","183","214","206","","","281","221.0"
"243","Mason Taylor","NYJ","9","TE30","","204","262","207","","223","224.0"
"244","Taysom Hill","NO","11","TE31","262","315","283","","","384","279.8"
"245","Tory Horton","SEA","8","WR75","268","255","359","262","","263","281.4"
"246","Miles Sanders","DAL","10","RB68","","233","261","194","","224","228.0"
"247","Alec Pierce","IND","11","WR76","","234","248","233","","197","228.0"
"248","Cincinnati Bengals","DST","10","DST23","221","","101","266","","328","229.0"
"249","Cleveland Browns","DST","9","DST24","212","","127","268","","326","233.3"
"250","DJ Giddens","IND","11","RB69","","240","310","197","","187","233.5"
"251","Jaxson Dart","NYG","14","QB31","203","256","250","","","229","234.5"
"252","Russell Wilson","NYG","14","QB32","255","262","233","","","204","238.5"
"253","Jalen Royals","KC","10","WR77","305","238","436","247","","231","291.4"
"254","Cole Kmet","CHI","5","TE32","233","285","228","","","214","240.0"
"255","Calvin Austin III","PIT","5","WR78","","237","266","","","233","241.8"
"256","Tyler Lockett","TEN","10","WR79","238","230","235","","","267","242.5"
"257","Dont'e Thornton Jr.","LV","8","WR80","","181","269","227","","306","245.8"
"258","Elijah Mitchell","KC","10","RB70","","279","253","206","","250","247.0"
"259","Joshua Karty","LAR","8","K21","246","","212","269","","262","247.3"
"260","Keaton Mitchell","BAL","7","RB71","","257","281","202","","265","251.3"
"261","Indianapolis Colts","DST","11","DST25","168","282","226","","","334","252.5"
"262","Jaleel McLaughlin","DEN","12","RB72","","295","169","277","","297","259.5"
"263","Kyle Monangai","CHI","5","RB73","","235","324","161","","323","260.8"
"264","Jalen Milroe","SEA","8","QB33","242","274","282","","","246","261.0"
"265","Las Vegas Raiders","DST","8","DST26","229","271","224","","","324","262.0"
"266","Noah Gray","KC","10","TE33","256","278","245","","","273","263.0"
"267","Miami Dolphins","DST","12","DST27","252","263","222","","","316","263.3"
"268","Tyler Higbee","LAR","8","TE34","236","298","268","","","253","263.8"
"269","Kayshon Boutte","NE","14","WR81","302","318","396","250","","291","311.4"
"270","Jaylin Noel","HOU","6","WR82","","239","377","253","","194","265.8"
"271","Darius Slayton","NYG","14","WR83","","269","319","236","","245","267.3"
"272","New Orleans Saints","DST","11","DST28","240","272","239","","","321","268.0"
"273","Brashard Smith","KC","10","RB74","","241","402","235","","221","274.8"
"274","Justin Tucker","","","K22","211","267","272","","","352","275.5"
"275","Woody Marks","HOU","6","RB75","","222","401","171","","315","277.3"
"276","Jordan James","SF","14","RB76","","277","321","256","","257","277.8"
"277","Joe Flacco","CLE","9","QB34","279","286","276","","","270","277.8"
"278","Dyami Brown","JAC","8","WR84","","260","370","252","","232","278.5"
"279","Michael Wilson","ARI","8","WR85","","264","339","273","","240","279.0"
"280","Pat Bryant","DEN","12","WR86","","225","376","259","","259","279.8"
"281","Jacksonville Jaguars","DST","8","DST29","243","284","243","","","372","285.5"
"282","Jarquez Hunter","LAR","8","RB77","","236","547","178","","236","299.3"
"283","Dontayvion Wicks","GB","5","WR87","345","289","304","","","213","287.8"
"284","Ollie Gordon II","MIA","12","RB78","","275","301","238","","341","288.8"
"285","Tennessee Titans","DST","10","DST30","250","253","270","","","387","290.0"
"286","Troy Franklin","DEN","12","WR88","287","288","333","","","264","293.0"
"287","Terrance Ferguson","LAR","8","TE35","299","243","351","","","286","294.8"
"288","Atlanta Falcons","DST","5","DST31","226","","217","","","241","228.0"
"289","Jason Myers","SEA","8","K23","235","","180","","","283","232.7"
"290","Tahj Brooks","CIN","10","RB79","","258","476","196","","268","299.5"
"291","Devin Neal","NO","11","RB80","","244","511","271","","206","308.0"
"292","Noah Fant","CIN","10","TE36","336","324","249","","","319","307.0"
"293","Cairo Santos","CHI","5","K24","175","","225","","","348","249.3"
"294","Elic Ayomanor","TEN","10","WR89","","232","334","","","209","258.3"
"295","Devin Singletary","NYG","14","RB81","","","259","226","","300","261.7"
"296","Theo Johnson","NYG","14","TE37","447","268","322","","","254","322.8"
"297","A.J. Dillon","PHI","9","RB82","","","291","205","","299","265.0"
"298","Samaje Perine","CIN","10","RB83","","","302","","","340","266.0"
"299","Juwan Johnson","NO","11","TE38","","273","288","","","239","266.7"
"300","Andrei Iosivas","CIN","10","WR90","","270","280","","","251","267.0"
"301","Jalen Coker","CAR","14","WR91","","261","344","","","205","270.0"
"302","Ty Johnson","BUF","7","RB84","","","318","191","","304","271.0"
"303","Diontae Johnson","CLE","9","WR92","","290","284","","","244","272.7"
"304","Audric Estime","DEN","12","RB85","397","321","332","","","271","330.3"
"305","Ray-Ray McCloud III","ATL","5","WR93","","","325","219","","278","274.0"
"306","Jalen Nailor","MIN","6","WR94","","","308","225","","292","275.0"
"307","Antonio Gibson","NE","14","RB86","","","307","229","","293","276.3"
"308","Tyler Shough","NO","11","QB35","","281","328","","","228","279.0"
"309","Tyler Conklin","LAC","12","TE39","","308","260","","","272","280.0"
"310","Sean Tucker","TB","9","RB87","","","331","230","","280","280.3"
"311","Adonai Mitchell","IND","11","WR95","","265","341","","","238","281.3"
"312","Luke McCaffrey","WAS","12","WR96","270","","297","","","282","283.0"
"313","Roman Wilson","PIT","5","WR97","306","280","431","","","333","337.5"
"314","Dawson Knox","BUF","7","TE40","228","","247","","","377","284.0"
"315","Kirk Cousins","ATL","5","QB36","258","","271","","","330","286.3"
"316","Tank Dell","HOU","6","WR98","259","","251","","","350","286.7"
"317","Andy Borregales","NE","14","K25","248","","275","","","339","287.3"
"318","Tutu Atwell","LAR","8","WR99","","304","313","","","252","289.7"
"319","Daniel Jones","IND","11","QB37","","287","336","","","248","290.3"
"320","Amari Cooper","","","WR100","","245","380","","","247","290.7"
"321","Dameon Pierce","HOU","6","RB88","396","","299","278","","404","344.3"
"322","Graham Gano","NYG","14","K26","231","","256","","","399","295.3"
"323","Carolina Panthers","DST","14","DST32","224","","277","","","388","296.3"
"324","Blake Grupe","NO","11","K27","264","","234","","","393","297.0"
"325","Marquez Valdes-Scantling","SEA","8","WR101","","309","312","","","274","298.3"
"326","Harold Fannin Jr.","CLE","9","TE41","315","276","477","","","329","349.3"
"327","KaVontae Turpin","DAL","10","WR102","361","","237","","","301","299.7"
"328","Michael Mayer","LV","8","TE42","467","326","292","","","332","354.3"
"329","Chad Ryland","ARI","8","K28","301","","273","","","347","307.0"
"330","Jameis Winston","NYG","14","QB38","269","","335","","","320","308.0"
"331","Dustin Hopkins","CLE","9","K29","249","","278","","","401","309.3"
"332","Christian Watson","GB","5","WR103","","293","338","","","298","309.7"
"333","Hunter Renfrow","CAR","14","WR104","239","","337","","","355","310.3"
"334","Luke Musgrave","GB","5","TE43","274","","320","","","345","313.0"
"335","AJ Barner","SEA","8","TE44","278","","295","","","373","315.3"
"336","Elijah Moore","BUF","7","WR105","317","","303","","","338","319.3"
"337","Emanuel Wilson","GB","5","RB89","","","372","257","","346","325.0"
"338","Joe Milton III","DAL","10","QB39","297","","315","","","364","325.3"
"339","Jahan Dotson","PHI","9","WR106","251","","300","","","430","327.0"
"340","Darnell Washington","PIT","5","TE45","260","","293","","","429","327.3"
"341","Joey Slye","TEN","10","K30","307","","285","","","395","329.0"
"342","Jordan Whittington","LAR","8","WR107","","305","398","","","294","332.3"
"343","Will Dissly","LAC","12","TE46","334","","287","","","378","333.0"
"344","Tanner McKee","PHI","9","QB40","284","","358","","","371","337.7"
"345","Austin Hooper","NE","14","TE47","291","","316","","","407","338.0"
"346","Tim Patrick","DET","8","WR108","294","","317","","","403","338.0"
"347","Zamir White","LV","8","RB90","276","","392","","","354","340.7"
"348","Devaughn Vele","DEN","12","WR109","423","","340","","","260","341.0"
"349","Spencer Shrader","IND","11","K31","325","","305","","","396","342.0"
"350","Jalen Tolbert","DAL","10","WR110","","","286","","","242","264.0"
"351","Matthew Wright","CAR","14","K32","362","","327","","","344","344.3"
"352","JuJu Smith-Schuster","KC","10","WR111","271","","265","","","","268.0"
"353","Damien Martinez","SEA","8","RB91","434","","397","","","222","351.0"
"354","Curtis Samuel","BUF","7","WR112","341","","361","","","351","351.0"
"355","Jimmy Horn Jr.","CAR","14","WR113","267","","290","","","","278.5"
"356","Mack Hollins","NE","14","WR114","289","","347","","","425","353.7"
"357","Tre Tucker","LV","8","WR115","","","296","","","269","282.5"
"358","Mason Rudolph","PIT","5","QB41","311","","383","","","375","356.3"
"359","Xavier Restrepo","TEN","10","WR116","","283","479","","","312","358.0"
"360","Olamide Zaccheaus","CHI","5","WR117","349","","416","","","317","360.7"
"361","Ben Sinnott","WAS","12","TE48","","292","470","","","322","361.3"
"362","Luke Schoonmaker","DAL","10","TE49","292","","355","","","438","361.7"
"363","Nick Westbrook-Ikhine","MIA","12","WR118","","","298","","","290","294.0"
"364","Allen Lazard","NYJ","9","WR119","","","306","","","284","295.0"
"365","Malik Willis","GB","5","QB42","321","","421","","","349","363.7"
"366","Oronde Gadsden II","LAC","12","TE50","","291","461","","","343","365.0"
"367","Josh Oliver","MIN","6","TE51","324","","326","","","449","366.3"
"368","Jake Bobo","SEA","8","WR120","283","","374","","","445","367.3"
"369","Will Howard","PIT","5","QB43","335","","349","","","418","367.3"
"370","Nick Folk","NYJ","9","K33","253","","352","","","","302.5"
"371","Julian Hill","MIA","12","TE52","296","","373","","","436","368.3"
"372","Craig Reynolds","DET","8","RB92","331","","386","","","389","368.7"
"373","Elijah Higgins","ARI","8","TE53","328","","356","","","423","369.0"
"374","Caden Davis","BUF","7","K34","265","","444","","","400","369.7"
"375","Spencer Rattler","NO","11","QB44","360","","342","","","408","370.0"
"376","Jermar Jefferson","TEN","10","RB93","244","","368","","","","306.0"
"377","Brandin Cooks","NO","11","WR121","","","311","","","303","307.0"
"378","KeAndre Lambert-Smith","LAC","12","WR122","286","","463","","","366","371.7"
"379","Ryan Fitzgerald","CAR","14","K35","257","","360","","","","308.5"
"380","Grant Calcaterra","PHI","9","TE54","308","","314","","","","311.0"
"381","Jimmy Garoppolo","LAR","8","QB45","350","","406","","","367","374.3"
"382","Brock Wright","DET","8","TE55","300","","329","","","","314.5"
"383","Ty Chandler","MIN","6","RB94","338","","354","","","441","377.7"
"384","Robert Woods","PIT","5","WR123","330","","378","","","426","378.0"
"385","Tez Johnson","TB","9","WR124","355","","474","","","309","379.3"
"386","Harrison Mevis","NYJ","9","K36","241","","399","","","","320.0"
"387","Mitchell Trubisky","BUF","7","QB46","333","","440","","","368","380.3"
"388","Mac Jones","SF","14","QB47","363","","369","","","415","382.3"
"389","Parker Romo","NE","14","K37","319","","330","","","","324.5"
"390","Tai Felton","MIN","6","WR125","356","","548","","","295","399.7"
"391","Odell Beckham Jr.","","","WR126","273","","379","","","","326.0"
"392","Carson Steele","KC","10","RB95","314","","343","","","","328.5"
"393","Kalif Raymond","DET","8","WR127","332","","381","","","448","387.0"
"394","Demarcus Robinson","SF","14","WR128","424","","346","","","392","387.3"
"395","Joshua Dobbs","NE","14","QB48","282","","382","","","","332.0"
"396","Jermaine Burton","CIN","10","WR129","433","327","467","","","437","416.0"
"397","Jarrett Stidham","DEN","12","QB49","422","","385","","","361","389.3"
"398","Deshaun Watson","CLE","9","QB50","261","","409","","","","335.0"
"399","Cooper Rush","BAL","7","QB51","373","","413","","","394","393.3"
"400","Kenneth Gainwell","PIT","5","RB96","","","279","","","402","340.5"
"401","Parker Washington","JAC","8","WR130","","","395","","","289","342.0"
"402","Jude McAtamney","NYG","14","K38","277","","473","","","434","394.7"
"403","Savion Williams","GB","5","WR131","401","","746","","","287","478.0"
"404","Kendrick Bourne","NE","14","WR132","327","","411","","","451","396.3"
"405","Andy Dalton","CAR","14","QB52","352","","404","","","442","399.3"
"406","Greg Joseph","","","K39","402","","364","","","432","399.3"
"407","Tommy Tremble","CAR","14","TE56","346","","448","","","405","399.7"
"408","Deuce Vaughn","DAL","10","RB97","374","","393","","","435","400.7"
"409","Noah Brown","WAS","12","WR133","","","362","","","342","352.0"
"410","Quinn Ewers","MIA","12","QB53","303","","403","","","","353.0"
"411","Efton Chism III","NE","14","WR134","298","","549","","","409","418.7"
"412","J.J. Taylor","HOU","6","RB98","295","","418","","","","356.5"
"413","Adam Trautman","DEN","12","TE57","348","","367","","","","357.5"
"414","LaJohntay Wester","BAL","7","WR135","285","","435","","","","360.0"
"415","Cam Akers","NO","11","RB99","449","","388","","","383","406.7"
"416","David Moore","CAR","14","WR136","439","","363","","","422","408.0"
"417","Mecole Hardman Jr.","GB","5","WR137","342","","384","","","","363.0"
"418","Malik Washington","MIA","12","WR138","","","430","","","305","367.5"
"419","Jalin Hyatt","NYG","14","WR139","316","","426","","","","371.0"
"420","Leonard Fournette","","","RB100","385","","","","","357","371.0"
"421","Marcus Mariota","WAS","12","QB54","","","407","","","336","371.5"
"422","Khalil Herbert","IND","11","RB101","358","","506","","","385","416.3"
"423","Ainias Smith","PHI","9","WR140","370","","375","","","","372.5"
"424","Kyle Juszczyk","SF","14","RB102","","","246","","","","246.0"
"425","Brandon Allen","TEN","10","QB55","460","303","483","","","","415.3"
"426","Trey Lance","LAC","12","QB56","357","","390","","","","373.5"
"427","Tommy DeVito","NYG","14","QB57","288","","462","","","","375.0"
"428","Mo Alie-Cox","IND","11","TE58","415","","410","","","431","418.7"
"429","Kenny Pickett","CLE","9","QB58","","","423","","","335","379.0"
"430","Zane Gonzalez","","","K40","368","","484","","","406","419.3"
"431","Sterling Shepard","TB","9","WR141","414","","345","","","","379.5"
"432","Gardner Minshew II","KC","10","QB59","375","","496","","","390","420.3"
"433","Mitchell Evans","CAR","14","TE59","312","","859","","","450","540.3"
"434","Jordan Travis","","","QB60","263","","","","","","263.0"
"435","Drew Lock","SEA","8","QB61","398","","365","","","","381.5"
"436","Jake Browning","CIN","10","QB62","410","","494","","","359","421.0"
"437","Kadarius Toney","","","WR142","318","","449","","","","383.5"
"438","Zach Wilson","MIA","12","QB63","347","","622","","","420","463.0"
"439","Scott Matlock","LAC","12","DT1","272","","","","","","272.0"
"440","Daniel Bellinger","NYG","14","TE60","320","","454","","","","387.0"
"441","Sam Howell","MIN","6","QB64","405","","642","","","369","472.0"
"442","Mason Crosby","","","K41","275","","","","","","275.0"
"443","C.J. Ham","MIN","6","RB103","340","","439","","","","389.5"
"444","John Samuel Shenker","","","TE61","281","","","","","","281.0"
"445","Hendon Hooker","DET","8","QB65","329","","458","","","","393.5"
"446","Gabe Davis","","","WR143","","","","","","288","288.0"
"447","Ezekiel Elliott","","","RB104","290","","","","","","290.0"
"448","Jamari Thrash","CLE","9","WR144","417","","815","","","374","535.3"
"449","Anders Carlson","","","K42","","","394","","","398","396.0"
"450","Jaylin Lane","WAS","12","WR145","381","","533","","","411","441.7"
"451","Quinn Nordin","","","K43","","296","","","","","296.0"
"452","Daijun Edwards","","","RB105","","297","","","","","297.0"
"453","Patrick Ricard","BAL","7","RB106","387","","412","","","","399.5"
"454","Michael Wiley","KC","10","RB107","","299","846","","","","572.5"
"455","Christian Wade","","","RB108","","300","","","","","300.0"
"456","Gunnar Helm","TEN","10","TE62","382","","545","","","419","448.7"
"457","Drew Sample","CIN","10","TE63","436","","366","","","","401.0"
"458","Van Jefferson","TEN","10","WR146","","","389","","","414","401.5"
"459","Matt Barkley","","","QB66","304","","","","","","304.0"
"460","Hayden Hatten","","","WR147","","306","","","","","306.0"
"461","Ricky White III","SEA","8","WR148","","","","","","307","307.0"
"462","Nathan Rourke","","","QB67","309","","","","","","309.0"
"463","Ben DiNucci","","","QB68","310","","","","","","310.0"
"464","Luke Benson","","","TE64","","310","","","","","310.0"
"465","D.J. Montgomery","IND","11","WR149","367","","443","","","","405.0"
"466","Tylan Wallace","BAL","7","WR150","391","","419","","","","405.0"
"467","Wayne Gallman Jr.","","","RB109","","311","","","","","311.0"
"468","Dalvin Cook","","","RB110","313","","","","","","313.0"
"469","Kyle Shurmur","","","QB69","","313","","","","","313.0"
"470","Lil'Jordan Humphrey","NYG","14","WR151","371","","442","","","","406.5"
"471","Trey Potts","","","RB111","","314","","","","","314.0"
"472","Drake Stoops","LAR","8","WR152","","316","849","","","","582.5"
"473","Coleman Owen","IND","11","WR153","","317","884","","","","600.5"
"474","Greg Ward","","","WR154","","319","","","","","319.0"
"475","Jalen Guyton","","","WR155","","322","","","","","322.0"
"476","DeWayne McBride","","","RB112","322","","","","","","322.0"
"477","Josh Reynolds","NYJ","9","WR156","","","485","","","337","411.0"
"478","Lew Nichols III","PIT","5","RB113","","323","","","","","323.0"
"479","Equanimeous St. Brown","SF","14","WR157","323","","572","","","","447.5"
"480","Cam Sutton","","","TE65","","325","","","","","325.0"
"481","Greg Dortch","ARI","8","WR158","","","415","","","410","412.5"
"482","Ja'Corey Brooks","WAS","12","WR159","326","","","","","","326.0"
"483","Nikola Kalinic","ATL","5","TE66","","328","","","","","328.0"
"484","Julius Chestnut","TEN","10","RB114","376","","456","","","","416.0"
"485","Trey Palmer","TB","9","WR160","442","","460","","","433","445.0"
"486","Trey Sermon","PIT","5","RB115","","","450","","","386","418.0"
"487","Jonathan Mingo","DAL","10","WR161","420","","518","","","416","451.3"
"488","Frank Gore Jr.","BUF","7","RB116","404","","433","","","","418.5"
"489","Cade Stover","HOU","6","TE67","337","","537","","","","437.0"
"490","Max Duggan","","","QB70","339","","","","","","339.0"
"491","Eddy Pineiro","","","K44","351","","490","","","","420.5"
"492","Carson Wentz","","","QB71","403","","438","","","","420.5"
"493","Cade York","","","K45","452","","391","","","","421.5"
"494","Jordan Watkins","SF","14","WR162","427","","607","","","417","483.7"
"495","Connor Heyward","PIT","5","TE68","474","","371","","","","422.5"
"496","George Holani","SEA","8","RB117","379","","472","","","","425.5"
"497","John Ross","","","WR163","353","","","","","","353.0"
"498","Kazmeir Allen","WAS","12","WR164","","","697","","","353","525.0"
"499","Braxton Berrios","HOU","6","WR165","354","","575","","","","464.5"
"500","Konata Mumpfield","LAR","8","WR166","","","759","","","356","557.5"
"501","Jason Brownlee","KC","10","WR167","","","","","","358","358.0"
"502","Phil Mafah","DAL","10","RB118","495","","743","","","363","533.7"
"503","Julio Jones","","","WR168","359","","","","","","359.0"
"504","Darius Cooper","PHI","9","WR169","","","497","","","362","429.5"
"505","Nick Mullens","JAC","8","QB72","","","566","","","360","463.0"
"506","Arian Smith","NYJ","9","WR170","419","","660","","","444","507.7"
"507","Foster Moreau","NO","11","TE69","","","441","","","424","432.5"
"508","John Bates","WAS","12","TE70","365","","625","","","","495.0"
"509","Kalel Mullings","TEN","10","RB119","","","748","","","365","556.5"
"510","Robbie Chosen","SF","14","WR171","366","","769","","","","567.5"
"511","Kimani Vidal","LAC","12","RB120","478","","469","","","421","456.0"
"512","Teddy Bridgewater","TB","9","QB73","369","","553","","","","461.0"
"513","Cole Beasley","","","WR172","","","","","","370","370.0"
"514","Johnny Wilson","PHI","9","WR173","372","","714","","","","543.0"
"515","Jeremy McNichols","WAS","12","RB121","466","","408","","","","437.0"
"516","Dominic Lovett","DET","8","WR174","","","874","","","376","625.0"
"517","Scotty Miller","PIT","5","WR175","377","","589","","","","483.0"
"518","Charlie Jones","CIN","10","WR176","378","","658","","","","518.0"
"519","Cedrick Wilson Jr.","NO","11","WR177","","","573","","","379","476.0"
"520","Ryan Tannehill","","","QB74","380","","","","","","380.0"
"521","Tyree Jackson","WAS","12","TE71","","","778","","","380","579.0"
"522","Michael Carter","ARI","8","RB122","","","621","","","382","501.5"
"523","Lucky Jackson","MIN","6","WR178","383","","534","","","","458.5"
"524","Raheem Blackshear","CAR","14","RB123","384","","654","","","","519.0"
"525","Josh Whyle","TEN","10","TE72","","","459","","","427","443.0"
"526","Devontez Walker","BAL","7","WR179","386","","701","","","","543.5"
"527","Clyde Edwards-Helaire","NO","11","RB124","","","387","","","","387.0"
"528","Riley Leonard","IND","11","QB75","388","","750","","","","569.0"
"529","Colby Parkinson","LAR","8","TE73","","","446","","","443","444.5"
"530","Stetson Bennett IV","LAR","8","QB76","389","","664","","","","526.5"
"531","Dallin Holker","","","TE74","390","","842","","","","616.0"
"532","Dillon Gabriel","CLE","9","QB77","","","544","","","391","467.5"
"533","Rasheen Ali","BAL","7","RB125","426","","466","","","","446.0"
"534","Derius Davis","LAC","12","WR180","392","","524","","","","458.0"
"535","Donovan Peoples-Jones","NO","11","WR181","393","","","","","","393.0"
"536","Brett Maher","","","K46","394","","","","","","394.0"
"537","Jaren Hall","","","QB78","395","","","","","","395.0"
"538","Zay Jones","ARI","8","WR182","","","560","","","397","478.5"
"539","Jeremy Ruckert","NYJ","9","TE75","399","","516","","","","457.5"
"540","Darrell Henderson Jr.","","","RB126","400","","","","","","400.0"
"541","Lenny Krieg","ATL","5","K47","","","400","","","","400.0"
"542","Dorian Thompson-Robinson","PHI","9","QB79","446","","457","","","","451.5"
"543","Greg Zuerlein","","","K48","","","405","","","","405.0"
"544","Jacob Kibodi","","","RB127","406","","","","","","406.0"
"545","Ihmir Smith-Marsette","NYG","14","WR183","407","","792","","","","599.5"
"546","Jermaine Jackson","","","WR184","408","","","","","","408.0"
"547","Patrick Taylor Jr.","SF","14","RB128","463","","445","","","","454.0"
"548","Kyle Allen","DET","8","QB80","409","","578","","","","493.5"
"549","Michael Badgley","","","K49","411","","","","","","411.0"
"550","Emari Demercado","ARI","8","RB129","","","529","","","412","470.5"
"551","Tyson Bagent","CHI","5","QB81","412","","673","","","","542.5"
"552","Donovan Edwards","NYJ","9","RB130","413","","523","","","","468.0"
"553","Isaiah Davis","NYJ","9","RB131","","","541","","","413","477.0"
"554","Justin Watson","HOU","6","WR185","","","414","","","","414.0"
"555","Darrynton Evans","BUF","7","RB132","","","417","","","","417.0"
"556","Brayden Narveson","","","K50","418","","","","","","418.0"
"557","Tyler Johnson","NYJ","9","WR186","472","","503","","","447","474.0"
"558","Hassan Haskins","LAC","12","RB133","","","420","","","","420.0"
"559","John Metchie III","HOU","6","WR187","","","422","","","","422.0"
"560","Sincere McCormick","LV","8","RB134","","","424","","","","424.0"
"561","Aidan O'Connell","LV","8","QB82","499","","425","","","","462.0"
"562","Gavin Bartholomew","MIN","6","TE76","425","","762","","","","593.5"
"563","E.J. Jenkins","PHI","9","TE77","","","427","","","","427.0"
"564","Gunner Olszewski","NYG","14","WR188","428","","","","","","428.0"
"565","Hunter Luepke","DAL","10","RB135","","","428","","","","428.0"
"566","Chimere Dike","TEN","10","WR189","","","880","","","428","654.0"
"567","Austin Seibert","","","K51","429","","","","","","429.0"
"568","Chris Brooks","GB","5","RB136","","","429","","","","429.0"
"569","Matt Prater","","","K52","430","","551","","","","490.5"
"570","Tommy Mellott","LV","8","QB83","431","","760","","","","595.5"
"571","Jacob Cowing","SF","14","WR190","","","432","","","","432.0"
"572","Henry Pearson","","","RB137","432","","","","","","432.0"
"573","Brady Russell","SEA","8","TE78","435","","679","","","","557.0"
"574","Michael Burton","DEN","12","RB138","","","437","","","","437.0"
"575","Devin Duvernay","CHI","5","WR191","437","","595","","","","516.0"
"576","Andy Isabella","","","WR192","438","","781","","","","609.5"
"577","Jalin Conyers","MIA","12","TE79","","","896","","","439","667.5"
"578","Matt Ammendola","","","K53","440","","","","","","440.0"
"579","David Bell","CLE","9","WR193","","","800","","","440","620.0"
"580","Tanner Brown","","","K54","443","","","","","","443.0"
"581","Phillip Dorsett II","LV","8","WR194","444","","","","","","444.0"
"582","Charlie Kolar","BAL","7","TE80","445","","513","","","","479.0"
"583","Nick Nash","ATL","5","WR195","","","852","","","446","649.0"
"584","Mitch Van Vooren","CLE","9","WR196","","","447","","","","447.0"
"585","D.J. Williams","","","RB139","448","","845","","","","646.5"
"586","DJ Chark Jr.","ATL","5","WR197","450","","","","","","450.0"
"587","Tyler Badie","DEN","12","RB140","","","451","","","","451.0"
"588","Sione Vaki","DET","8","RB141","451","","536","","","","493.5"
"589","Tyler Goodson","IND","11","RB142","","","452","","","","452.0"
"590","Tyquan Thornton","KC","10","WR198","","","453","","","","453.0"
"591","Desmond Ridder","CIN","10","QB84","453","","631","","","","542.0"
"592","Riley Patterson","","","K55","454","","512","","","","483.0"
"593","Tyrion Davis-Price","GB","5","RB143","","","455","","","","455.0"
"594","Trent Sherfield Sr.","DEN","12","WR199","455","","775","","","","615.0"
"595","Keith Kirkwood","BAL","7","WR200","456","","581","","","","518.5"
"596","Terrace Marshall Jr.","PHI","9","WR201","457","","614","","","","535.5"
"597","Luke Farrell","SF","14","TE81","458","","509","","","","483.5"
"598","Nikko Remigio","KC","10","WR202","459","","680","","","","569.5"
"599","Nathan Peterman","","","QB85","461","","","","","","461.0"
"600","KhaDarel Hodge","ATL","5","WR203","462","","583","","","","522.5"
"601","Anthony Brown Jr.","","","QB86","464","","","","","","464.0"
"602","Nate Adkins","DEN","12","TE82","","","464","","","","464.0"
"603","Ben Sauls","PIT","5","K56","","","465","","","","465.0"
"604","Laquon Treadwell","IND","11","WR204","465","","559","","","","512.0"
"605","Charlie Smyth","NO","11","K57","","","468","","","","468.0"
"606","Tanner Hudson","CIN","10","TE83","468","","580","","","","524.0"
"607","Davis Allen","LAR","8","TE84","469","","522","","","","495.5"
"608","Travis Homer","CHI","5","RB144","475","","495","","","","485.0"
"609","Charlie Woerner","ATL","5","TE85","470","","608","","","","539.0"
"610","Randy Bullock","","","K58","471","","","","","","471.0"
"611","Kendall Milton","CIN","10","RB145","","","471","","","","471.0"
"612","Christopher Dunn","","","K59","473","","","","","","473.0"
"613","Michael Gallup","WAS","12","WR205","486","","488","","","","487.0"
"614","Jonathan","Kim","","K60","","","475","","","","475.0"
"615","Tyler Scott","CHI","5","WR206","476","","657","","","","566.5"
"616","Ja'Lynn Polk","NE","14","WR207","477","","539","","","","508.0"
"617","Jalen White","GB","5","RB146","","","478","","","","478.0"
"618","Skyy Moore","KC","10","WR208","479","","514","","","","496.5"
"619","Josh Johnson","WAS","12","QB87","","","480","","","","480.0"
"620","Jonathon Brooks","CAR","14","RB147","480","","702","","","","591.0"
"621","Cordarrelle Patterson","","","RB148","","","481","","","","481.0"
"622","Aaron Shampklin","MIA","12","RB149","481","","","","","","481.0"
"623","Jacoby Brissett","ARI","8","QB88","","","482","","","","482.0"
"624","Malachi Corley","NYJ","9","WR209","482","","540","","","","511.0"
"625","Ian Book","","","QB89","483","","","","","","483.0"
"626","Miles Boykin","CHI","5","WR210","484","","587","","","","535.5"
"627","Eric Gray","NYG","14","RB150","485","","","","","","485.0"
"628","Jamaal Williams","","","RB151","","","486","","","","486.0"
"629","Dare Ogunbowale","HOU","6","RB152","","","487","","","","487.0"
"630","Avery Williams","PHI","9","RB153","487","","613","","","","550.0"
"631","Sam Ehlinger","DEN","12","QB90","488","","617","","","","552.5"
"632","Dante Pettis","NO","11","WR211","","","489","","","","489.0"
"633","Jalen Reagor","LAC","12","WR212","489","","605","","","","547.0"
"634","Myles Gaskin","BAL","7","RB154","490","","","","","","490.0"
"635","Ian Thomas","LV","8","TE86","","","491","","","","491.0"
"636","Mark McNamee","GB","5","K61","","","492","","","","492.0"
"637","Bub Means","NO","11","WR213","492","","712","","","","602.0"
"638","Trayveon Williams","CLE","9","RB155","","","493","","","","493.0"
"639","Jaheim Bell","NE","14","TE87","493","","538","","","","515.5"
"640","Israel Abanikanda","GB","5","RB156","494","","670","","","","582.0"
"641","Tom Kennedy","DET","8","WR214","496","","594","","","","545.0"
"642","Drew Ogletree","IND","11","TE88","497","","634","","","","565.5"
"643","Isaiah Hodgins","SF","14","WR215","","","498","","","","498.0"
"644","Jared Wiley","KC","10","TE89","498","","708","","","","603.0"
"645","Harrison Bryant","PHI","9","TE90","","","499","","","","499.0"
"646","Ryan","Coe","","K62","","","500","","","","500.0"
"647","Robbie Ouzts","SEA","8","TE91","","","501","","","","501.0"
"648","Jonathan Ward","NYG","14","RB157","","","502","","","","502.0"
"649","Caden Prieskorn","DEN","12","TE92","","","504","","","","504.0"
"650","Tim Jones","MIN","6","WR216","","","505","","","","505.0"
"651","Kylen Granson","PHI","9","TE93","","","508","","","","508.0"
"652","Skylar Thompson","PIT","5","QB91","","","515","","","","515.0"
"653","Kevin Austin Jr.","NO","11","WR217","","","517","","","","517.0"
"654","Xavier Hutchinson","HOU","6","WR218","","","520","","","","520.0"
"655","Xavier Smith","LAR","8","WR219","","","521","","","","521.0"
"656","Payne Durham","TB","9","TE94","","","526","","","","526.0"
"657","Chris Rodriguez Jr.","WAS","12","RB158","","","527","","","","527.0"
"658","Andre Szmyt","CLE","9","K63","","","528","","","","528.0"
"659","Malik Knowles","","","WR220","","","530","","","","530.0"
"660","Ryan Miller","TB","9","WR221","","","531","","","","531.0"
"661","Winston Wright","","","WR222","","","532","","","","532.0"
"662","Ryan Flournoy","DAL","10","WR223","","","535","","","","535.0"
"663","Terique Owens","SF","14","WR224","","","542","","","","542.0"
"664","Terrell Jennings","NE","14","RB159","","","543","","","","543.0"
"665","Tre Watson","KC","10","TE95","","","546","","","","546.0"
"666","Tyrod Taylor","NYJ","9","QB92","","","550","","","","550.0"
"667","Case Keenum","CHI","5","QB93","","","552","","","","552.0"
"668","Nelson Agholor","","","WR225","","","555","","","","555.0"
"669","DeAndre Carter","CLE","9","WR226","","","556","","","","556.0"
"670","Taylor Heinicke","LAC","12","QB94","","","557","","","","557.0"
"671","Chris Moore","WAS","12","WR227","","","558","","","","558.0"
"672","Eric Saubert","SEA","8","TE96","","","561","","","","561.0"
"673","Marcus Yarns","NO","11","RB160","","","562","","","","562.0"
"674","Jamal Agnew","ATL","5","WR228","","","563","","","","563.0"
"675","Johnny Mundt","JAC","8","TE97","","","564","","","","564.0"
"676","Zach Pascal","NYG","14","WR229","","","565","","","","565.0"
"677","Pharaoh Brown","MIA","12","TE98","","","567","","","","567.0"
"678","Hayden Hurst","","","TE99","","","568","","","","568.0"
"679","John Kelly Jr.","","","RB161","","","569","","","","569.0"
"680","Anthony Miller","BAL","7","WR230","","","570","","","","570.0"
"681","Durham Smythe","CHI","5","TE100","","","571","","","","571.0"
"682","Jeff Wilson Jr.","SF","14","RB162","","","574","","","","574.0"
"683","Brady Cook","NYJ","9","QB95","","","576","","","","576.0"
"684","Ross Dwelley","SF","14","TE101","","","577","","","","577.0"
"685","Tim Boyle","","","QB96","","","579","","","","579.0"
"686","Gus Edwards","","","RB163","","","582","","","","582.0"
"687","Alec Ingold","MIA","12","RB164","","","584","","","","584.0"
"688","Kelvin Harmon","","","WR231","","","586","","","","586.0"
"689","Irv Smith Jr.","HOU","6","TE102","","","588","","","","588.0"
"690","Jakob Johnson","HOU","6","RB165","","","590","","","","590.0"
"691","Trenton Irwin","JAC","8","WR232","","","591","","","","591.0"
"692","Malik Taylor","DET","8","WR233","","","592","","","","592.0"
"693","Steven Sims Jr.","SEA","8","WR234","","","593","","","","593.0"
"694","Tyler Huntley","CLE","9","QB97","","","596","","","","596.0"
"695","James Proche II","TEN","10","WR235","","","597","","","","597.0"
"696","Giovanni Ricci","MIN","6","TE103","","","598","","","","598.0"
"697","Dalen Cambre","NYG","14","WR236","","","599","","","","599.0"
"698","Sean McKeon","IND","11","TE104","","","600","","","","600.0"
"699","Max Hurleman","PIT","5","CB1","","","601","","","","601.0"
"700","Cody White","SEA","8","WR237","","","602","","","","602.0"
"701","Trishton Jackson","ARI","8","WR238","","","603","","","","603.0"
"702","Louis Rees-Zammit","","","RB166","500","","707","","","","603.5"
"703","K.J. Osborn","WAS","12","WR239","","","604","","","","604.0"
"704","Chase Claypool","","","WR240","","","606","","","","606.0"
"705","DeeJay Dallas","ARI","8","RB167","","","609","","","","609.0"
"706","Tarik Black","MIA","12","WR241","","","611","","","","611.0"
"707","Kenny Yeboah","DET","8","TE105","","","612","","","","612.0"
"708","Dez Fitzpatrick","","","WR242","","","615","","","","615.0"
"709","Davis Mills","HOU","6","QB98","","","616","","","","616.0"
"710","Ben Skowronek","PIT","5","WR243","","","618","","","","618.0"
"711","Zach Davidson","BUF","7","TE106","","","619","","","","619.0"
"712","Gary Brightwell","CIN","10","RB168","","","620","","","","620.0"
"713","Dee Eskridge","MIA","12","WR244","","","623","","","","623.0"
"714","Kyle Trask","TB","9","QB99","","","624","","","","624.0"
"715","Austin Trammell","JAC","8","WR245","","","626","","","","626.0"
"716","Jack Stoll","NO","11","TE107","","","627","","","","627.0"
"717","Jaret Patterson","LAC","12","RB169","","","628","","","","628.0"
"718","Shane Zylstra","DET","8","TE108","","","629","","","","629.0"
"719","John FitzPatrick","GB","5","TE109","","","630","","","","630.0"
"720","Michael Woods","II","","WR246","","","632","","","","632.0"
"721","Treylon Burks","TEN","10","WR247","","","633","","","","633.0"
"722","Nick Muse","PHI","9","TE110","","","635","","","","635.0"
"723","Pierre Strong Jr.","CLE","9","RB170","","","636","","","","636.0"
"724","Bailey Zappe","KC","10","QB100","","","637","","","","637.0"
"725","Irvin Charles","NYJ","9","WR248","","","638","","","","638.0"
"726","Zonovan Knight","ARI","8","RB171","","","639","","","","639.0"
"727","Britain Covey","LAR","8","WR249","","","640","","","","640.0"
"728","Bo Melton","GB","5","WR250","","","641","","","","641.0"
"729","Justyn Ross","","","WR251","","","643","","","","643.0"
"730","Kendric Pryor","CIN","10","WR252","","","644","","","","644.0"
"731","Kaden Davis","CLE","9","WR253","","","645","","","","645.0"
"732","Brandon Johnson","PIT","5","WR254","","","646","","","","646.0"
"733","Seth Green","NO","11","TE111","","","647","","","","647.0"
"734","Braylon Sanders","WAS","12","WR255","","","648","","","","648.0"
"735","Lucas Krull","DEN","12","TE112","","","649","","","","649.0"
"736","Jashaun Corbin","ATL","5","RB172","","","650","","","","650.0"
"737","Ronnie Rivers","LAR","8","RB173","","","651","","","","651.0"
"738","Stone Smartt","NYJ","9","TE113","","","652","","","","652.0"
"739","Tucker Fisk","LAC","12","TE114","","","653","","","","653.0"
"740","Thomas Fidone II","NYG","14","TE115","","","655","","","","655.0"
"741","Justin Shorter","LV","8","WR256","","","656","","","","656.0"
"742","Jalen Brooks","DAL","10","WR257","","","659","","","","659.0"
"743","Kyle McCord","PHI","9","QB101","","","661","","","","661.0"
"744","Evan Hull","PIT","5","RB174","","","662","","","","662.0"
"745","Will Mallory","IND","11","TE116","","","663","","","","663.0"
"746","Zach Evans","","","RB175","","","665","","","","665.0"
"747","Dresser Winn","LAR","8","QB102","","","666","","","","666.0"
"748","Jake Haener","NO","11","QB103","","","667","","","","667.0"
"749","Beaux Collins","NYG","14","WR258","","","668","","","","668.0"
"750","Moochie Dixon","NO","11","WR259","","","669","","","","669.0"
"751","Ronnie Bell","DET","8","WR260","","","671","","","","671.0"
"752","Brayden Willis","SF","14","TE117","","","672","","","","672.0"
"753","Malik Heath","GB","5","WR261","","","674","","","","674.0"
"754","Zavier Scott","MIN","6","WR262","","","675","","","","675.0"
"755","DJ Uiagalelei","LAC","12","QB104","","","676","","","","676.0"
"756","Xavier Gipson","NYJ","9","WR263","","","677","","","","677.0"
"757","Ben VanSumeren","PHI","9","LB1","","","678","","","","678.0"
"758","Carlos Washington Jr.","ATL","5","RB176","","","681","","","","681.0"
"759","Jordan Mims","TEN","10","RB177","","","682","","","","682.0"
"760","Shedrick Jackson","LV","8","WR264","","","683","","","","683.0"
"761","Jalen Cropper","DAL","10","WR265","","","684","","","","684.0"
"762","Raheim Sanders","LAC","12","RB178","","","685","","","","685.0"
"763","JJ Galbreath","PIT","5","TE118","","","686","","","","686.0"
"764","Nick Kallerup","SEA","8","TE119","","","687","","","","687.0"
"765","Tyrone Broden","SEA","8","WR266","","","688","","","","688.0"
"766","Blake Whiteheart","CLE","9","TE120","","","689","","","","689.0"
"767","Isaiah Neyor","GB","5","WR267","","","690","","","","690.0"
"768","Thayer Thomas","MIN","6","WR268","","","691","","","","691.0"
"769","Johnny Lumpkin","GB","5","TE121","","","692","","","","692.0"
"770","Tyrell Shavers","BUF","7","WR269","","","693","","","","693.0"
"771","Corey Kiner","SF","14","RB179","","","694","","","","694.0"
"772","ShunDerrick Powell","PHI","9","RB180","","","695","","","","695.0"
"773","Rakim Jarrett","TB","9","WR270","","","696","","","","696.0"
"774","Jase McClellan","TB","9","RB181","","","698","","","","698.0"
"775","Casey Washington","ATL","5","WR271","","","699","","","","699.0"
"776","Devin Leary","BAL","7","QB105","","","700","","","","700.0"
"777","Erick All Jr.","CIN","10","TE122","","","703","","","","703.0"
"778","Tanner McLachlan","CIN","10","TE123","","","704","","","","704.0"
"779","Jawhar Jordan","HOU","6","RB182","","","705","","","","705.0"
"780","Keilan Robinson","PHI","9","RB183","","","706","","","","706.0"
"781","Dylan Laube","LV","8","RB184","","","709","","","","709.0"
"782","Tahj Washington","MIA","12","WR272","","","710","","","","710.0"
"783","Javon Baker","NE","14","WR273","","","711","","","","711.0"
"784","Dante Miller","NYG","14","RB185","","","713","","","","713.0"
"785","Tip Reiman","ARI","8","TE124","","","715","","","","715.0"
"786","Devin Culp","TB","9","TE125","","","716","","","","716.0"
"787","Emani Bailey","CAR","14","RB186","","","717","","","","717.0"
"788","Austin Reed","CHI","5","QB106","","","718","","","","718.0"
"789","Blake Watson","DEN","12","RB187","","","719","","","","719.0"
"790","Thomas Yassmin","LAC","12","TE126","","","720","","","","720.0"
"791","Xavier Weaver","ARI","8","WR274","","","721","","","","721.0"
"792","David Martin-Robinson","TEN","10","TE127","","","722","","","","722.0"
"793","Bryce Oliver","TEN","10","WR275","","","723","","","","723.0"
"794","Jabari Small","","","RB188","","","724","","","","724.0"
"795","John Rhys Plumlee","SEA","8","QB107","","","725","","","","725.0"
"796","Tanner Mordecai","","","QB108","","","726","","","","726.0"
"797","Mason Pline","NO","11","TE128","","","727","","","","727.0"
"798","Cody Schrader","LAR","8","RB189","","","728","","","","728.0"
"799","Kameron Johnson","TB","9","WR276","","","729","","","","729.0"
"800","Sam Hartman","WAS","12","QB109","","","730","","","","730.0"
"801","Colson Yankoff","WAS","12","TE129","","","731","","","","731.0"
"802","Gee Scott Jr.","NE","14","TE130","","","732","","","","732.0"
"803","Geor'Quarius Spivey","KC","10","TE131","","","733","","","","733.0"
"804","Alex Hale","","","K64","","","734","","","","734.0"
"805","Jahmal Banks","BAL","7","WR277","","","735","","","","735.0"
"806","Marcus Major Jr.","","","RB190","","","736","","","","736.0"
"807","Kayron Lynch-Adams","CAR","14","RB191","","","737","","","","737.0"
"808","Jahdae Walker","CHI","5","WR278","","","738","","","","738.0"
"809","Luke Floriea","","","WR279","","","739","","","","739.0"
"810","Ja'seem Reed","CAR","14","WR280","","","740","","","","740.0"
"811","Rivaldo Fairweather","DAL","10","TE132","","","741","","","","741.0"
"812","Traeshon Holden","DAL","10","WR281","","","742","","","","742.0"
"813","Courtney Jackson","DEN","12","WR282","","","744","","","","744.0"
"814","Drake Dabney","TEN","10","TE133","","","747","","","","747.0"
"815","Graham Mertz","HOU","6","QB110","","","749","","","","749.0"
"816","Maddux Trujillo","IND","11","K65","","","751","","","","751.0"
"817","LeQuint Allen Jr.","JAC","8","RB192","","","752","","","","752.0"
"818","Patrick Herbert","JAC","8","TE134","","","753","","","","753.0"
"819","Ja'Quinden Jackson","JAC","8","RB193","","","754","","","","754.0"
"820","Elijhah Badger","KC","10","WR283","","","755","","","","755.0"
"821","Jake Briningstool","KC","10","TE135","","","756","","","","756.0"
"822","Elijah Young","KC","10","RB194","","","757","","","","757.0"
"823","Tru Edwards","LAR","8","WR284","","","758","","","","758.0"
"824","Cam Miller","LV","8","QB111","","","761","","","","761.0"
"825","Silas Bolden","MIN","6","WR285","","","763","","","","763.0"
"826","Max Brosmer","MIN","6","QB112","","","764","","","","764.0"
"827","Brock Lampe","NE","14","RB195","","","766","","","","766.0"
"828","Tyler Boyd","","","WR286","","","768","","","","768.0"
"829","Gerald Everett","","","TE136","","","770","","","","770.0"
"830","Robert Tonyan","KC","10","TE137","","","771","","","","771.0"
"831","Mike White","BUF","7","QB113","","","773","","","","773.0"
"832","Russell Gage Jr.","SF","14","WR287","","","774","","","","774.0"
"833","John Wolford","JAC","8","QB114","","","776","","","","776.0"
"834","Will Grier","DAL","10","QB115","","","777","","","","777.0"
"835","Andrew Beck","NYJ","9","TE138","","","779","","","","779.0"
"836","Ashton Dulin","IND","11","WR288","","","780","","","","780.0"
"837","Brett Rypien","MIN","6","QB116","","","782","","","","782.0"
"838","David Sills","ATL","5","WR289","","","783","","","","783.0"
"839","Kristian Wilkerson","BUF","7","WR290","","","784","","","","784.0"
"840","Lawrence Cager","WAS","12","WR291","","","785","","","","785.0"
"841","Dominique Dafney","CAR","14","TE139","","","786","","","","786.0"
"842","Demetric Felton Jr.","WAS","12","RB196","","","787","","","","787.0"
"843","Simi Fehoko","ARI","8","WR292","","","788","","","","788.0"
"844","Seth Williams","LV","8","WR293","","","789","","","","789.0"
"845","Hunter Long","JAC","8","TE140","","","790","","","","790.0"
"846","Kene Nwangwu","NYJ","9","RB197","","","791","","","","791.0"
"847","Tre' McKitty","HOU","6","TE141","","","793","","","","793.0"
"848","Quintin Morris","JAC","8","TE142","","","794","","","","794.0"
"849","Feleipe Franks","ATL","5","QB117","","","795","","","","795.0"
"850","Michael Bandy","DEN","12","WR294","","","796","","","","796.0"
"851","Michael Jacobson","NO","11","TE143","","","797","","","","797.0"
"852","Velus Jones Jr.","NO","11","WR295","","","798","","","","798.0"
"853","Jake Tonges","SF","14","TE144","","","799","","","","799.0"
"854","Greg Dulcich","NYG","14","TE145","","","801","","","","801.0"
"855","Montrell Washington","NYG","14","WR296","","","802","","","","802.0"
"856","Samori Toure","CHI","5","WR297","","","803","","","","803.0"
"857","Teagan Quitoriano","ATL","5","TE146","","","804","","","","804.0"
"858","Jelani Woods","IND","11","TE147","","","805","","","","805.0"
"859","Erik Ezukanma","MIA","12","WR298","","","806","","","","806.0"
"860","Chris Oladokun","KC","10","QB118","","","807","","","","807.0"
"861","Dareke Young","SEA","8","WR299","","","808","","","","808.0"
"862","Ko Kieft","TB","9","TE148","","","809","","","","809.0"
"863","Zaire Mitchell-Paden","BAL","7","TE149","","","810","","","","810.0"
"864","Malik Davis","DAL","10","RB198","","","811","","","","811.0"
"865","Jalen Virgil","","","WR300","","","812","","","","812.0"
"866","Tanner Conner","MIA","12","TE150","","","813","","","","813.0"
"867","Tay Martin","WAS","12","WR301","","","814","","","","814.0"
"868","Jaden Smith","TB","9","WR302","","","816","","","","816.0"
"869","Anthony Gould","IND","11","WR303","","","817","","","","817.0"
"870","Cornelius Johnson","GB","5","WR304","","","818","","","","818.0"
"871","Brenden Rice","LAC","12","WR305","","","819","","","","819.0"
"872","Chris Collier","LV","8","RB199","","","820","","","","820.0"
"873","Dayton Wade","BAL","7","WR306","","","821","","","","821.0"
"874","Messiah Swinson","GB","5","TE151","","","822","","","","822.0"
"875","McCallan Castles","LAR","8","TE152","","","823","","","","823.0"
"876","Jack Westover","NE","14","TE153","","","824","","","","824.0"
"877","Julian Hicks","GB","5","WR307","","","825","","","","825.0"
"878","Baylor Cupp","BAL","7","TE154","","","826","","","","826.0"
"879","JaQuae Jackson","LAC","12","WR308","","","827","","","","827.0"
"880","Xavier Johnson","HOU","6","WR309","","","828","","","","828.0"
"881","Jack Plummer","CAR","14","QB119","","","829","","","","829.0"
"882","Brenden Bates","CLE","9","TE155","","","830","","","","830.0"
"883","Ian Wheeler","CHI","5","RB200","","","831","","","","831.0"
"884","Cole Burgess","CIN","10","WR310","","","832","","","","832.0"
"885","Cam Grandy","CIN","10","TE156","","","833","","","","833.0"
"886","Brevyn Spann-Ford","DAL","10","TE157","","","834","","","","834.0"
"887","Isaiah Williams","CIN","10","WR311","","","835","","","","835.0"
"888","Jason Bean","IND","11","QB120","","","836","","","","836.0"
"889","Kedon Slovis","HOU","6","QB121","","","837","","","","837.0"
"890","Joshua Cephus","JAC","8","WR312","","","838","","","","838.0"
"891","Carter Bradley","SF","14","QB122","","","840","","","","840.0"
"892","Jeshaun Jones","MIN","6","WR313","","","841","","","","841.0"
"893","Mason Tipton","NO","11","WR314","","","843","","","","843.0"
"894","John Jiles","NE","14","WR315","","","844","","","","844.0"
"895","British Brooks","HOU","6","RB201","","","847","","","","847.0"
"896","Neal Johnson","NYJ","9","TE158","","","848","","","","848.0"
"897","Kevin Foelsch","PIT","5","TE159","","","850","","","","850.0"
"898","Joshua Simon","ATL","5","TE160","","","853","","","","853.0"
"899","Xavier Guillory","BAL","7","WR316","","","854","","","","854.0"
"900","Lucas Scott","BAL","7","RB202","","","855","","","","855.0"
"901","Kelly Akharaiyi","ARI","8","WR317","","","856","","","","856.0"
"902","Jackson Hawes","BUF","7","TE161","","","857","","","","857.0"
"903","Keleki Latu","BUF","7","TE162","","","858","","","","858.0"
"904","Bryce Pierre","CAR","14","TE163","","","860","","","","860.0"
"905","Deion Hankins","CHI","5","RB203","","","861","","","","861.0"
"906","Quali Conley","CIN","10","RB204","","","862","","","","862.0"
"907","Jamoi Mayes","CIN","10","WR318","","","863","","","","863.0"
"908","Payton Thorne","CIN","10","QB123","","","865","","","","865.0"
"909","Gage Larvadain","CLE","9","WR319","","","866","","","","866.0"
"910","Josh Kelly","DAL","10","WR320","","","867","","","","867.0"
"911","Tyler Neville","DAL","10","TE164","","","868","","","","868.0"
"912","Caleb Lohner","DEN","12","TE165","","","869","","","","869.0"
"913","Jerjuan Newton","DEN","12","WR321","","","870","","","","870.0"
"914","Kyrese Rowan","DEN","12","WR322","","","871","","","","871.0"
"915","Zach Horton","DET","8","TE166","","","872","","","","872.0"
"916","Jakobie Keeney-James","DET","8","WR323","","","873","","","","873.0"
"917","Jackson Meeks","DET","8","WR324","","","875","","","","875.0"
"918","Anthony Tyus III","SEA","8","RB205","","","876","","","","876.0"
"919","Taylor Elgersma","GB","5","QB124","","","877","","","","877.0"
"920","Amar Johnson","GB","5","RB206","","","878","","","","878.0"
"921","TJ Sheffield","TEN","10","WR325","","","881","","","","881.0"
"922","Ajou Ajou","IND","11","WR326","","","882","","","","882.0"
"923","Ulysses Bentley IV","IND","11","RB207","","","883","","","","883.0"
"924","Landon Parker","IND","11","WR327","","","885","","","","885.0"
"925","Blayne Taylor","IND","11","WR328","","","886","","","","886.0"
"926","Chandler Brayboy","JAC","8","WR329","","","887","","","","887.0"
"927","Cam Camper","JAC","8","WR330","","","888","","","","888.0"
"928","Seth Henigan","JAC","8","QB125","","","889","","","","889.0"
"929","Jimmy Holiday","KC","10","WR331","","","890","","","","890.0"
"930","Brennan Presley","LAR","8","WR332","","","891","","","","891.0"
"931","Anthony Torres","LAR","8","TE167","","","892","","","","892.0"
"932","Mario Williams","LAR","8","WR333","","","893","","","","893.0"
"933","Ketron Jackson Jr.","LV","8","WR334","","","894","","","","894.0"
"934","Andrew Armstrong","MIA","12","WR335","","","895","","","","895.0"
"935","AJ Henning","MIA","12","WR336","","","897","","","","897.0"
"936","Dontae Fleming","MIN","6","WR337","","","898","","","","898.0"
"937","Bryson Nesbit","MIN","6","TE168","","","899","","","","899.0"
"938","Myles Price","MIN","6","WR338","","","900","","","","900.0"
""
""